be,〜である・いる
and,そして・〜と
of,〜の
to,〜へ・〜に
a,ひとつの(不定冠詞)
in,〜の中に
have,持っている
it,それ
you,あなた
he,彼
for,〜のために
they,彼ら・それら
not,〜でない
that,あれ・〜ということ
we,私たち
on,〜の上に
with,〜と一緒に
this,これ・この
i,私
do,する
as,〜として・〜のように
at,〜で(場所・時点)
she,彼女
but,しかし
from,〜から
by,〜によって・〜のそばに
will,〜だろう(助動詞)・意志
or,または
say,言う
go,行く
so,だから・とても
all,すべて
if,もし〜ならば
one,1・ひとつ
would,〜だろう(過去/仮定)
about,〜について・約
can,〜できる
which,どちら・どの
there,そこに・〜がある
know,知っている
more,もっと多く
get,得る・手に入れる
who,誰
like,好む・〜のような
when,いつ・〜するとき
think,考える・思う
make,作る
time,時間
see,見る・わかる
what,何
up,上へ
some,いくつかの
other,他の
out,外へ
good,良い
people,人々
year,年
take,取る・持っていく
no,いいえ・少しも〜ない
well,上手に・さて
because,なぜなら
very,とても
just,ちょうど・ただ〜だけ
come,来る
could,〜できた・〜かもしれない
work,働く・仕事
use,使う
than,〜よりも
now,今
then,それから・その時
also,〜もまた
into,〜の中へ
only,〜だけ・唯一の
look,見る・〜に見える
want,欲しい・〜したい
give,与える
first,最初の
new,新しい
way,方法・道
find,見つける
over,〜の上に・〜を越えて
any,どんな〜も・いくらか
after,〜の後に
day,日・一日
where,どこ
thing,物・こと
most,最も・大部分
should,〜すべきだ
need,必要とする
much,多くの・大いに
right,正しい・右
how,どのように
back,後ろへ・背中
mean,意味する
even,〜でさえ
may,〜かもしれない・〜してよい
here,ここに
many,多くの
such,そのような
last,最後の・続く
child,子ども
tell,伝える・話す
really,本当に
call,呼ぶ・電話する
before,〜の前に
company,会社
through,〜を通って
down,下へ
show,見せる・示す
life,人生・生命
man,男・人
change,変える・変化
place,場所
long,長い
between,〜の間に
feel,感じる
too,〜もまた・あまりに
still,まだ・それでも
problem,問題
write,書く
same,同じ
lot,たくさん
great,素晴らしい・偉大な
try,試す・努力する
leave,去る・残す
number,数・番号
both,両方
own,自分自身の・所有する
part,部分
point,点・要点
little,小さい・少し
help,助ける・助け
ask,尋ねる・頼む
meet,会う
start,始める
talk,話す
something,何か
put,置く
another,もうひとつの・別の
become,〜になる
interest,興味・利子
country,国・田舎
old,古い・年をとった
each,それぞれの
school,学校
late,遅い・遅れた
high,高い
different,異なる
off,離れて・オフの
next,次の
end,終わり・終わる
live,住む・生きる
why,なぜ
while,〜する間・一方
world,世界
week,週
play,遊ぶ・(スポーツ等を)する
might,〜かもしれない
must,〜しなければならない
home,家・家庭
never,決して〜ない
include,含む
course,講座・進路・(of course)もちろん
house,家
report,報告(する)
group,集団・グループ
case,場合・事例
woman,女性
around,〜の周りに・約
book,本
family,家族
seem,〜のように見える
let,〜させる
again,再び
kind,種類・親切な
keep,保つ・持ち続ける
hear,聞く・聞こえる
system,システム・制度
every,すべての・毎〜
question,質問
during,〜の間に
always,いつも
big,大きい
set,置く・一式・設定する
small,小さい
study,勉強する・研究
follow,ついていく・従う
begin,始める
important,重要な
since,〜以来・〜なので
run,走る・経営する
under,〜の下に
turn,回る・曲がる・順番
few,少数の
bring,持ってくる
early,早い・早く
hand,手・手渡す
state,州・状態・述べる
move,動く・引っ越す
money,お金
fact,事実
however,しかしながら
area,地域・分野
provide,提供する
name,名前・名付ける
read,読む
friend,友達
month,月(暦)
large,大きい
business,仕事・事業
without,〜なしで
information,情報
open,開く・開いた
order,注文(する)・順序・命令
government,政府
word,単語・言葉
issue,問題・発行する
market,市場
pay,支払う
build,建てる
hold,持つ・開催する
service,サービス・業務
against,〜に反対して
believe,信じる
second,2番目の・秒
though,〜だけれども
yes,はい
love,愛(する)
increase,増える・増やす
job,仕事・職
plan,計画(する)
result,結果
away,離れて
example,例
happen,起こる
offer,申し出る・提供する
young,若い
close,閉じる・近い
program,プログラム・番組
lead,導く・先頭
buy,買う
understand,理解する
thank,感謝する
far,遠い・はるかに
today,今日
hour,時間(60分)
student,学生・生徒
face,顔・直面する
hope,望む・希望
idea,考え・アイデア
cost,費用・コスト・（費用が）かかる
less,より少ない・より少なく
room,部屋・余地
until,〜まで（ずっと）
reason,理由・道理
form,形・形式・形成する
spend,（金・時間を）使う・過ごす
head,頭・長・向かう
car,車・自動車
learn,学ぶ・習得する・知る
level,水準・レベル・段階
person,人・人間
experience,経験・経験する
once,一度・かつて
member,会員・メンバー・一員
enough,十分な・十分に
bad,悪い・ひどい
city,都市・市
night,夜・晩
able,〜できる・有能な
support,支援・支える・支持する
whether,〜かどうか
line,線・列・路線
present,現在の・贈り物・提示する
side,側・側面
quite,かなり・まったく
although,〜だけれども
sure,確かな・きっと
term,期間・用語・条件
least,最も少ない・最小
age,年齢・時代
low,低い・低く
speak,話す・演説する
within,〜以内に・〜の中で
process,過程・処理・加工する
public,公共の・大衆
often,しばしば・よく
train,列車・訓練する
possible,可能な・ありうる
actually,実際に・実は
rather,むしろ・かなり
view,眺め・見解・見る
together,一緒に・共に
consider,考慮する・〜とみなす
price,価格・値段
parent,親・保護者
hard,難しい・硬い・熱心に
party,パーティー・政党・一行
local,地元の・地方の
control,支配・管理・制御する
already,すでに・もう
concern,関心・懸念・関係する
product,製品・産物
lose,失う・負ける
story,物語・話・階
almost,ほとんど・もう少しで
continue,続ける・続く
stand,立つ・我慢する・立場
whole,全体の・全部
yet,まだ・けれども
rate,割合・速度・評価する
care,世話・注意・気にかける
expect,期待する・予期する
effect,効果・影響・結果
sort,種類・分類する
ever,今までに・いつも
anything,何か・何でも
cause,原因・引き起こす
fall,落ちる・秋・低下
deal,取引・扱う・分量
water,水・水をやる
send,送る・届ける
allow,許す・与える
soon,すぐに・まもなく
watch,見る・見守る・腕時計
base,基礎・基地・基づかせる
probably,おそらく・たぶん
suggest,提案する・示唆する
past,過去・過ぎた・〜を過ぎて
power,力・権力・電力
test,試験・検査・試す
visit,訪問する・訪問
center,中心・センター
grow,成長する・育てる・増える
nothing,何も〜ない・無
return,戻る・返す・帰還
mother,母・母親
walk,歩く・散歩
matter,問題・事柄・重要である
mind,心・精神・気にする
value,価値・価値観・評価する
office,事務所・職・官庁
record,記録・記録する・レコード
stay,滞在する・とどまる
force,力・強制する・軍
stop,止まる・止める・停止
several,いくつかの・数個の
light,光・明かり・軽い
develop,発達する・開発する
remember,覚えている・思い出す
bit,少し・断片
share,共有する・分け合う・株
real,本当の・現実の
answer,答え・答える
sit,座る・位置する
figure,数字・図・人物・考える
letter,手紙・文字
decide,決める・決定する
language,言語・言葉
subject,主題・科目・主語
class,クラス・授業・階級
development,発達・開発・発展
town,町・都会
half,半分・半分の
minute,分・ちょっとの間
food,食べ物・食料
break,壊す・壊れる・休憩
clear,明らかな・澄んだ・片付ける
future,未来・将来・未来の
either,どちらか・〜もまた（ない）
ago,〜前に
per,〜につき・〜ごとに
remain,残る・〜のままである
top,頂上・最上位・一番の
among,〜の間で・〜の中で
win,勝つ・獲得する
color,色・彩色する
involve,含む・関与させる
reach,届く・到達する
social,社会の・社交的な
period,期間・時代・ピリオド
across,〜を横切って・〜の向こう側に
note,メモ・注意する・音符
history,歴史・経歴
create,創造する・作り出す
drive,運転する・駆り立てる・ドライブ
along,〜に沿って・一緒に
type,型・種類・入力する
sound,音・聞こえる・健全な
eye,目・視線
music,音楽
game,ゲーム・試合
political,政治の・政治的な
free,自由な・無料の
receive,受け取る・受ける
moment,瞬間・時点
sale,販売・安売り
policy,政策・方針
further,さらに・もっと遠く
body,体・団体・本体
require,必要とする・要求する
wait,待つ・待機する
general,一般の・全体的な・将軍
appear,現れる・〜のように見える
toward,〜の方へ・〜に向かって
team,チーム・組
easy,簡単な・楽な
individual,個人・個々の
full,いっぱいの・完全な
black,黒い・黒
sense,感覚・意味・分別
perhaps,おそらく・もしかすると
add,加える・追加する
rule,規則・支配する
pass,通る・渡す・合格する
produce,生産する・生み出す
sell,売る・売れる
short,短い・不足した
agree,同意する・一致する
law,法律・法則
everything,すべて・何もかも
research,研究・調査・研究する
cover,覆う・扱う・カバー
paper,紙・論文・新聞
position,位置・立場・職
near,近い・近くに
human,人間・人間の
computer,コンピュータ
situation,状況・立場
staff,職員・スタッフ
activity,活動・行動
film,映画・フィルム
morning,朝・午前
war,戦争・争い
account,口座・説明・アカウント
shop,店・買い物する
major,主要な・専攻・大きい
someone,誰か・ある人
above,〜の上に・上記の
design,設計・デザイン・設計する
event,出来事・行事・イベント
special,特別な・専門の
sometimes,ときどき・時には
condition,状態・条件
carry,運ぶ・携帯する
choose,選ぶ・選択する
father,父・父親
decision,決定・決断
table,テーブル・表
certain,確かな・ある種の
forward,前へ・前方の・転送する
main,主な・主要な
die,死ぬ・枯れる
bear,耐える・産む・熊
cut,切る・削減する・切り傷
describe,描写する・説明する
himself,彼自身
available,利用できる・入手可能な
especially,特に・とりわけ
strong,強い・丈夫な
rise,上がる・上昇・昇る
girl,少女・女の子
maybe,たぶん・もしかすると
community,地域社会・共同体
else,その他に・さもなければ
particular,特定の・特別な
role,役割・役
join,参加する・つなぐ
difficult,難しい・困難な
please,どうぞ・喜ばせる
detail,詳細・細部
difference,違い・差
action,行動・作用・訴訟
health,健康・保健
eat,食べる・食事する
step,歩み・段階・踏む
true,本当の・真実の
phone,電話・電話する
themselves,彼ら自身
draw,描く・引く・引き寄せる
white,白い・白
date,日付・デート
practice,練習・実践・練習する
model,模型・モデル・手本
raise,上げる・育てる・調達する
customer,顧客・客
front,前・正面
explain,説明する・釈明する
door,ドア・戸口
outside,外側・外の・外で
behind,〜の後ろに・遅れて
economic,経済の・経済的な
site,場所・用地・サイト
approach,接近する・取り組み方
teacher,教師・先生
land,土地・陸・着陸する
charge,料金・請求する・充電する
finally,ついに・最後に
sign,標識・兆候・署名する
claim,主張する・請求・主張
relationship,関係・間柄
travel,旅行する・旅
enjoy,楽しむ
death,死
nice,すてきな・親切な
amount,量・金額
improve,改善する・向上する
picture,絵・写真
boy,少年
regard,みなす・敬意
organization,組織・団体
happy,幸せな・うれしい
couple,一組・夫婦
act,行動する・演じる
range,範囲・幅
quality,質・品質
project,計画・プロジェクト
round,丸い・一巡
opportunity,機会・好機
road,道路
accord,一致・与える
list,リスト・一覧
wish,願う・望み
therefore,それゆえ・したがって
wear,着る・身につける
fund,資金・基金
rest,休息・残り
kid,子ども
industry,産業・工業
education,教育
measure,測る・対策
kill,殺す
serve,仕える・提供する
likely,ありそうな・たぶん
certainly,確かに・もちろん
national,国家の・全国的な
itself,それ自身
teach,教える
field,野原・分野
security,安全・保障
air,空気・空中
benefit,利益・恩恵
trade,貿易・取引
risk,危険・リスク
news,ニュース・知らせ
standard,基準・標準
vote,投票する・票
percent,パーセント
focus,焦点・集中する
stage,段階・舞台
space,空間・宇宙
instead,代わりに
realize,気づく・実現する
usually,ふつう・たいてい
data,データ・資料
single,ただ一つの・独身の
address,住所・演説・取り組む
performance,演技・成績・性能
chance,機会・可能性
accept,受け入れる
society,社会・協会
technology,技術・テクノロジー
mention,言及する
choice,選択
save,救う・貯める・節約する
common,共通の・普通の
culture,文化
total,合計・全体の
demand,要求する・需要
material,材料・物質
limit,限界・制限する
listen,聞く・耳を傾ける
due,期限の・〜のため
wrong,間違った・悪い
foot,足・フィート
effort,努力
attention,注意・注目
upon,〜の上に
check,確認する・点検
complete,完全な・完成させる
lie,横たわる・うそをつく
pick,選ぶ・摘む
reduce,減らす
personal,個人の・私的な
ground,地面・根拠
animal,動物
arrive,到着する
patient,患者・辛抱強い
current,現在の・流れ
century,世紀
evidence,証拠
exist,存在する
similar,似ている・類似の
fight,戦う・けんか
leader,指導者・リーダー
fine,すばらしい・罰金
street,通り・街路
former,前の・前者
contact,連絡・接触
particularly,特に
wife,妻
sport,スポーツ
prepare,準備する
discuss,議論する・話し合う
response,返答・反応
voice,声
piece,一片・作品
finish,終える
suppose,思う・仮定する
apply,適用する・応募する
president,大統領・社長
fire,火・解雇する
compare,比較する
court,裁判所・コート
police,警察
store,店・蓄える
poor,貧しい・下手な
knowledge,知識
laugh,笑う
arm,腕・武器
heart,心臓・心
source,源・出所
employee,従業員
manage,管理する・なんとかやる
simply,単に・簡単に
bank,銀行・土手
firm,会社・堅い
cell,細胞・独房
article,記事・品物
fast,速い・速く
attack,攻撃する・攻撃
foreign,外国の
surprise,驚かせる・驚き
feature,特徴・特集
factor,要因・因子
pretty,かわいい・かなり
recently,最近
affect,影響を与える
drop,落とす・落ちる・しずく
recent,最近の
relate,関係づける・述べる
official,公式の・役人
financial,財政の・金融の
miss,逃す・恋しく思う
art,芸術・美術
campaign,運動・キャンペーン
private,私的な・民間の
pause,一時停止・間
everyone,みんな・誰でも
forget,忘れる
page,ページ
worry,心配する・心配
summer,夏
drink,飲む・飲み物
opinion,意見
park,公園・駐車する
represent,代表する・表す
key,鍵・重要な
inside,内側・〜の中に
manager,経営者・管理者
international,国際的な
contain,含む
notice,気づく・通知
wonder,不思議に思う・驚き
nature,自然・性質
structure,構造・建造物
section,部分・区画
myself,私自身
exactly,正確に・まさに
plant,植物・工場・植える
paint,塗る・絵の具
worker,労働者
press,押す・報道機関
whatever,何でも・どんな〜でも
necessary,必要な
region,地域・地方
growth,成長・増加
evening,夕方・晩
influence,影響・影響を与える
respect,尊敬する・尊重
various,さまざまな
catch,捕まえる・捕らえる
thus,このように・したがって
skill,技能・腕前
attempt,試みる・試み
son,息子
simple,簡単な・単純な
medium,中間の・媒体
average,平均・平均的な
stock,在庫・株
management,経営・管理
character,性格・登場人物・文字
bed,ベッド・寝床
hit,打つ・命中
establish,設立する・確立する
indeed,実に・本当に
final,最終の・最後の
economy,経済・節約
fit,合う・適した
guy,男・やつ
function,機能・関数
yesterday,昨日
image,画像・イメージ
size,大きさ・サイズ
behavior,行動・ふるまい
addition,追加・足し算
determine,決定する・特定する
station,駅・署
population,人口
fail,失敗する
environment,環境
production,生産・製造
contract,契約
player,選手・演奏者
comment,コメント・論評
enter,入る・入力する
occur,起こる・生じる
alone,一人で・単独の
significant,重要な・かなりの
drug,薬・麻薬
wall,壁
series,連続・シリーズ
direct,直接の・指揮する
success,成功
tomorrow,明日
director,監督・取締役
clearly,明らかに・はっきりと
lack,不足・欠く
review,見直す・批評
depend,頼る・〜次第である
race,競争・人種
recognize,認識する・認める
window,窓
purpose,目的
department,部門・学部・省
gain,得る・増加
tree,木
college,大学
argue,主張する・議論する
board,板・委員会・搭乗する
holiday,休日・祝日
mark,印・跡・記す
church,教会
machine,機械
achieve,達成する
item,項目・品物
prove,証明する・判明する
cent,セント
season,季節・シーズン
floor,床・階
stuff,物・もの
wide,広い
anyone,誰でも・誰か
method,方法
analysis,分析
election,選挙
military,軍・軍事の
hotel,ホテル
club,クラブ
below,〜の下に・以下で
movie,映画
doctor,医者
discussion,議論・討論
sorry,すまなく思う・残念な
challenge,挑戦・課題
nation,国家・国民
nearly,ほとんど・危うく
statement,声明・発言
link,つながり・結びつける
despite,〜にもかかわらず
introduce,紹介する・導入する
advantage,利点・有利
ready,準備ができた
marry,結婚する
strike,打つ・ストライキ
mile,マイル
seek,求める・探す
ability,能力
unit,単位・部門
card,カード
hospital,病院
quickly,速く・すぐに
interview,面接・インタビュー
agreement,合意・協定
release,解放する・発表する
tax,税金
solution,解決策・溶液
capital,首都・資本
popular,人気のある
specific,特定の・具体的な
beautiful,美しい
fear,恐れ・恐れる
aim,目的・狙う
television,テレビ
serious,深刻な・真剣な
target,目標・標的
degree,程度・学位・度
pull,引く
red,赤・赤い
husband,夫
access,アクセス・利用の機会
movement,動き・運動
treat,扱う・治療する・おごる
identify,特定する・識別する
loss,損失・喪失
shall,〜だろう・〜しましょうか
modern,現代の
pressure,圧力・プレッシャー
bus,バス
treatment,治療・扱い
yourself,あなた自身
supply,供給・供給する
village,村
worth,価値がある
natural,自然の・当然の
express,表現する・急行の
indicate,示す
attend,出席する
brother,兄・弟
investment,投資
score,得点・得点する
organize,組織する・整理する
trip,旅行
beyond,〜を越えて
sleep,眠る・睡眠
fish,魚
promise,約束・約束する
potential,潜在的な・可能性
energy,エネルギー・活力
trouble,問題・困難
relation,関係
touch,触れる・接触
file,ファイル・提出する
middle,真ん中・中間の
bar,バー・棒
suffer,苦しむ・被る
strategy,戦略
deep,深い
except,〜を除いて
clean,きれいな・掃除する
tend,〜する傾向がある
advance,前進・進歩する
fill,満たす・埋める
star,星・スター
network,ネットワーク・網
generally,一般に・大体
operation,操作・手術・作戦
match,試合・一致する
avoid,避ける
seat,座席
throw,投げる
task,仕事・課題
normal,普通の・正常な
goal,目標・ゴール
associate,結びつける・仲間
blue,青・青い
positive,肯定的な・陽性の
option,選択肢
box,箱
huge,巨大な
message,メッセージ・伝言
instance,例・実例
style,様式・スタイル
refer,言及する・参照する
cold,寒い・冷たい・風邪
push,押す
quarter,4分の1・四半期
assume,仮定する・引き受ける
baby,赤ちゃん
successful,成功した
sing,歌う
doubt,疑い・疑う
competition,競争・大会
theory,理論
propose,提案する・求婚する
reference,言及・参照
argument,議論・論拠・口論
adult,大人
fly,飛ぶ・ハエ
document,文書・記録する
pattern,パターン・模様
application,応用・申し込み・アプリ
hot,熱い・暑い
obviously,明らかに
unclear,不明確な
bill,請求書・法案・紙幣
search,探す・検索
separate,分ける・別々の
central,中心の・中央の
career,経歴・職業
anyway,とにかく
speech,演説・話すこと
dog,犬
officer,役人・警官・将校
throughout,〜の間ずっと・至る所に
oil,油・石油
dress,服・服を着る
profit,利益
guess,推測する・思う
fun,楽しみ・楽しい
protect,守る・保護する
resource,資源・資料
science,科学
disease,病気
balance,バランス・残高
damage,損害・傷つける
basis,基礎・根拠
author,著者
basic,基本的な
encourage,励ます・促す
hair,髪・毛
male,男性・雄の
operate,操作する・営業する・手術する
reflect,反映する・反射する・熟考する
exercise,運動・練習
useful,役に立つ
restaurant,レストラン
income,収入
property,財産・不動産・性質
previous,以前の・前の
dark,暗い・暗闇
imagine,想像する
okay,よろしい・大丈夫
earn,稼ぐ・得る
daughter,娘
post,郵便・投稿する・職
newspaper,新聞
define,定義する
conclusion,結論
clock,時計
everybody,みんな
weekend,週末
perform,実行する・演じる
professional,専門的な・プロの
mine,私のもの・鉱山
debate,討論・議論する
memory,記憶・メモリ
green,緑・緑の
song,歌
object,物体・目的・反対する
maintain,維持する・主張する
credit,信用・クレジット・功績
ring,指輪・鳴る
discover,発見する
dead,死んだ
afternoon,午後
prefer,〜のほうを好む
extend,延ばす・広げる
possibility,可能性
direction,方向・指示
facility,施設・設備
variety,多様性・種類
daily,毎日の・日常の
clothes,服
screen,画面・スクリーン
track,追跡する・線路・トラック
dance,踊る・ダンス
completely,完全に
female,女性・雌の
responsibility,責任
original,元の・独創的な
sister,姉・妹
rock,岩・ロック
dream,夢・夢見る
nor,〜もまた…ない
university,大学
easily,簡単に
agency,代理店・機関
dollar,ドル
garden,庭
fix,直す・固定する
ahead,前方に・先に
cross,渡る・十字
yeah,うん・ええ
weight,重さ・体重
legal,法律の・合法の
proposal,提案・提案書
version,バージョン・版
conversation,会話
somebody,誰か
pound,ポンド
magazine,雑誌
shape,形・形作る
sea,海
immediately,すぐに
welcome,歓迎する・ようこそ
smile,ほほえむ・笑顔
communication,コミュニケーション・伝達
agent,代理人・エージェント
traditional,伝統的な
replace,取り替える・置き換える
judge,裁判官・判断する
herself,彼女自身
suddenly,突然
generation,世代・発生
estimate,見積もる・推定
favorite,お気に入りの
difficulty,困難・難しさ
purchase,購入・購入する
the,その（定冠詞）
