cat,ねこ
car,車
card,カード
care,気にかける
careful,注意深い
cart,荷車
cartoon,漫画
carpet,じゅうたん
cap,帽子
cape,岬、マント
can,〜できる、缶
candy,キャンディー
candle,ろうそく
cake,ケーキ
camp,キャンプ
camera,カメラ
dog,犬
dot,点
dock,波止場
door,ドア
dorm,寮
down,下へ
dawn,夜明け
day,日、曜日
dark,暗い
dance,踊る
date,日付、デート
data,データ
desk,机
desert,砂漠
dessert,デザート
best,最高の、最も
bet,賭ける
belt,ベルト
bell,鈴、ベル
bed,ベッド
beach,浜辺
bear,クマ、耐える
beard,あごひげ
beat,打つ、打ち負かす
beauty,美しさ
beautiful,美しい
sun,太陽
sum,合計
sand,砂
same,同じ
sample,見本
save,救う、貯める
safe,安全な
star,星
start,始める
story,物語
stone,石
stop,止まる
